name,age,address,job
"John Smith","32","33 corner crescent, Shropshire, SH16LB, United Kingdom","Checkout assistant"
"Maria Garcia","28","42 Maple Street, Edinburgh, EH12 5TL, Scotland","Software Engineer"
"Ahmed Khan","45","17 Birch Avenue, Manchester, M4 1DQ, United Kingdom","Financial Analyst"
"Sarah Wilson","39","8 Oak Lane, Cardiff, CF10 3AT, Wales","Marketing Director"
"James Chen","26","55 Pine Road, London, SW1A 1AA, United Kingdom","Graphic Designer"
"Olivia Brown","31","23 Elm Close, Belfast, BT1 6DJ, Northern Ireland","School Teacher"
"Robert Davies","52","91 Cedar Drive, Liverpool, L3 9BB, United Kingdom","Dentist"
"Priya Patel","29","4 Willow Way, Glasgow, G2 3DQ, Scotland","Research Scientist"
"Thomas O'Neill","41","76 Ash Street, Birmingham, B1 1BD, United Kingdom","Construction Manager"
"Emma Johnson","35","11 Sycamore Road, Leeds, LS1 4AH, United Kingdom","Nurse Practitioner"
"David Williams","47","62 Chestnut Avenue, Bristol, BS1 5TR, United Kingdom","Restaurant Owner"